,Name,Institution(s),Country/Territory,Researcher ID,Keywords,Other Names
1,RAOULT Didier  ,,,,,
"Aix Marseille University AMU ; King Abdulaziz University, Jeddah, Saudi Arabia  ",France ,A-8434-2008,,,,
2,Amine Khalil   ,,,,,
"Argonne National Laboratory ; King Abdulaziz University,  ",United States ,C-4429-2013,,,,
3,Kuang Yang   ,,,,,
Arizona State University ; King Abdulaziz University  ,United States ,A-2289-2008,,,,
4,Chen Bin   ,,,,,
"Beijing Normal University, Beijing, China ; King Abdulaziz University, Jeddah, Saudi Arabia  ",China ,A-6951-2012,,,,
5,Yang Huanming   ,,,,,
"BGI ; King Abdulaziz University, Jeddah, Saudi Arabia  ",China ,C-6513-2013,,,,
6,Wang Jun   ,,,,,
BGI-SHENZHEN ; King Abdulaziz University  ,China ,A-7261-2013,"genomics, bioinformatics  ",,,
7,Rifai Nader   ,,,,,
Boston Children's Hospital ; King Abdulaziz University  ,United States ,B-4376-2013,,,,
8,XU Bing   ,,,,,
Brandeis University ; King Abdulaziz University (Adjunct)  ,United States ,A-7828-2008,,
9,Liu Xiaohui   ,,,
Brunel University ; King Abdulaziz University  ,United Kingdom ,B-5046-2013,"intelligent data analysis, artificial intelligence, biomedical informatics, engineering  ",
10,Hassibi Babak   ,,,
California Institute of Technology ; King Abdulaziz University  ,United States ,A-1314-2007,,
11,Ammari Ahmed    ,,,
Carthage University ; King Abdulaziz University  ,Tunisia ,I-6169-2013,,"Ammari, A. C., Ammari, Ahmed, Ammari, Ahmed C, Ammari, Ahmed Chiheb, Ammari, Ahmed Chibeb  "
12,de Hoog G.   ,,,
"CBS-KNAW Fungal Biodiversity Centre, CBS ; King Abdulaziz University, Jeddah, Saudi Arabia  ",Netherlands ,C-7178-2013,"medical mycology, extremophilic fungi  ",Sybren de Hoog  
13,Henrissat Bernard   ,,,
"Centre National de la Recherche Scientifique, CNRS ; King Abdulaziz University  ",France ,J-2475-2012,,
14,Lu Jinhu   ,,,
"Chinese Academy of Sceinces, Chinese Acad Sci, Chin Acad Sci, CAS ; King Abdulaziz University, KAU, Jeddah, Saudi Arabia  ",China ,B-6851-2013,control theory  ,"Lu, JH, Lue, JH, Lv, JH, Lv, J, Lue, J, Lu, J  "
15,Tjong S C   ,,,
"City University of Hong Kong ; King Abdulaziz University, Jeddah, Saudi Arabia  ",Hong Kong SAR ,C-2924-2013,"nanocomposites, metals, polymer composites  ",
16,Agarwal Ashok  ,,,
Cleveland Clinic ; King Abdulaziz University  ,United States ,B-1689-2013,molecular causes of male and female reproductive pathologies  ,
17,Tippett Michael  ,,,
Columbia University ; King Abdulaziz University  ,United States ,C-6286-2011,,
18,Biswas Anjan    ,,,
"Delaware State University ; King Abdulaziz University, Jeddah, Saudi Arabia  ",United States ,D-8500-2012,,
19,Hirokawa Nobutaka   ,,,
"Department of Cell Biology and Anatomy, Graduate School of Medicine, University of Tokyo ; King Abdulaziz University KAU  ",Japan ,F-6617-2011,"cytoskeketon, molecular motors, intracellular transport  ",
20,Kyrpides Nikos  ,,,
"DOE Joint Genome Institute ; King Abdulaziz University (KAU), Jeddah, Saudi Arabia  ",United States ,A-6305-2014,"microbial genomics, metagenomics, bioinformatics, computational biology, evolution, microbial diversity, sequence analysis, omics data  ","Kyrpides NC, Kyrpides N, Kyprides N  "
21,Berger James   ,,,
Duke University ; King Abdulaziz University  ,United States ,C-6067-2013,,"Berger, Jim, Berger, James O., Berger, Jim O.  "
22,Moody James   ,,,
Duke University ; King Abdulaziz University KAU  ,United States ,E-2888-2014,,
23,Reif John   ,,,
Duke University (Distinguished Professor) ; King Abdulaziz University - KAU (Adjunct Professor)  ,United States ,C-2684-2008,"computer science, algorithm, computational complexity, dna assembly, nanoscience, dna computation, self assembly, robotics, motion planning, game theory, algebraic computation, randomized algorithms, parallel algorithm  ","JH Reif, John Reif, J Reif, J.H. Reif, J. Reif, John Henry Reif  "
24,Cullen Bryan   ,,,
"Duke University Medical Center ; King Abdulaziz University, Jeddah, Saudi Arabia  ",United States ,N-3216-2013,"virology, microbiology, micrornas, rna interference  ",
25,Graetzel Michael   ,,,
"Ecole Polytechnique Fédérale de Lausanne (EPFL) ; King Abdulaziz University, Jeddah, Saudi Arabia  ",Switzerland ,G-4870-2011,"photochemistry, solar energy conversion, photovoltaic cells, batteries (lithium-air, lithium-sulfur, lithium-ion, hybrid battery), electrochemistry, artificial photosynthesis  ",
26,Nazeeruddin Md.   ,,,
"EPFL ; King Abdulaziz University KAU, Jeddah, Saudi Arabia  ",Switzerland ,B-1323-2008,,
27,Zakeeruddin Shaik Mohammed   ,,,
"EPFL (Swiss Federal Institute of Technology in Lausanne) ; King Abdulaziz University, Jeddah, Saudi Arabia  ",Switzerland ,D-3244-2014,,
28,Bakker Arnold   ,,,
Erasmus University Rotterdam ; King Abdulaziz University  ,Netherlands ,F-8494-2010,,"Bakker A, Baker AB, Bakker AB  "
29,Glynn David   ,,,
"Flinders University of South Australia ; King Abdulaziz University, KAU  ",Australia ,A-6913-2012,"geometry, combinatorics, coding theory, invariants, mathematics  ","Glynn, D.G., Glynn, D.  "
30,Beaver Kevin   ,,,
Florida State University (FSU) ; King Abdulaziz University  ,United States ,B-4631-2013,,
31,Nöth Elmar   ,,,
"Friedrich-Alexander-University Erlangen-Nuremberg ; King Abdulaziz University, Jeddah, Saudi Arabia  ",Germany ,C-2355-2013,"speech processing, speaker characterization, prosody, speech recognition  ","Noeth, E., Nöth, E., Noeth, Elmar  "
32,Fang Xiaosheng   ,,,
Fudan University ; King Abdulaziz University  ,China ,A-8695-2008,"zns, nanostructures, nanodevices, sensors, one-dimensional  ",
33,Zhao Dongyuan   ,,,
Fudan University ; King Abdulaziz University KAU  ,China ,E-5796-2010,"mesoporous materials, synthesis  ",
34,Fornace Albert   ,,,
Georgetown University ; King Abdulaziz University  ,United States ,A-7407-2008,,"Fornace a*, Fornace aj, fornace aj jr  "
35,de Heer Walt   ,,,
"Georgia Institue of Technology, Georgia Tech ; King Abdulaziz University (KAU)  ",United States ,C-9521-2014,,"Deheer, W.A.  "
36,Pashley David   ,,,
"Georgia Regents University ; King Abdulaziz University, Jeddah, Saudi Arabia  ",United States ,C-6985-2013,,
37,Chou Kuo-Chen    Highly Cited Researcher Icon ,,,
Gordon Life Science Institute ; King Abdulaziz University  ,United States ,A-8340-2009,"bioinformatics, computer-aided drug design, protein-structural prediction, low-frequency (terahertz) internal motion of protein and dna and its biological functions, graphic rules in enzyme kinetics and other biological systems, diffusion-controlled reactions of enzymes, genome analysis, computational proteomics, system biology, computational biology  ",
38,Qin Xiaolong   ,,,
Hangzhou Normal University ; King Abdulaziz University (KAU)  ,China ,H-8421-2013,"nonlinear analysis, optimization  ","X. Qin, X.L. Qin  "
39,Gao Huijun   ,,,
Harbin Institute of Technology (HIT) ; King Abdulaziz University KAU  ,China ,B-6853-2013,"networked control, robust control/filter theory, time-delay systems  ",
40,Khademhosseini Ali   ,,,
Harvard Medical School and Brigham and Women's Hospital ; King Abdulaziz University  ,United States ,A-9435-2010,"bioengineering, microfluidics, biomaterials  ",
41,Hu Frank   ,,,
Harvard School of Public Health (HSPH) ; King Abdulaziz University  ,United States ,C-1919-2013,,
42,Jacob Daniel   ,,,
"Harvard University ; King Abdulaziz University, Jeddah, Saudi Arabia  ",United States ,B-2519-2014,,
43,Christie Robert  ,,,
Heriot-Watt University ; King Abdulaziz University (KAU)  ,United Kingdom ,B-2160-2013,"colour chemistry, chromic materials: photochromic and thermochromic, computational design of dyes and pigments, organic pigment chemistry and technology, textile chemistry, textile chemistry  ","R M Christie, Professor Robert M Christie  "
44,Cheng Y.M.   ,,,
"HONG KONG POLYTECHNIC UNIVERSITY ; King Abdulaziz University, Jeddah, Saudi Arabia  ",Hong Kong SAR ,D-1853-2013,,
45,Odintsov Sergey    ,,,
"ICREA and ICE(CSIC-IEEC),Barcelona ; King Abdulaziz Univ.(KAU), Jeddah and TSPU, Tomsk  ",Spain ,C-9691-2014,,"Odintsov,S.D. , Odintsov Sergei, Odintsov, Sergey D.  "
46,Ramamurty Upadrasta   ,,,
"Indian Institute of Science ; King Abdulaziz University, Jeddah, Saudi Arabia  ",India ,E-5623-2011,"mechanical behaviour of materials, metallic foams, metallic glasses, shape memory alloys, composites, indentation, ti alloys and tial based alloys, mg alloys  ",
47,Banerjee Soumitro   ,,,
"Indian Institute of Science Education & Research, Kolkata ; King Abdulaziz University - KAU (Distinguished Adjunct Professor)  ",India ,F-8162-2011,,
48,Cheng Hui-Ming   ,,,
"Institute of Metal Research, The Chinese Academy of Sciences ; King Abdulaziz University  ",China ,B-8682-2012,"carbon nanotube, graphene, energy storage materials, photocatalytic materials  ",Huiming Cheng  
49,Choi Byoung Kyu   ,,,
KAIST ; King Abdulaziz University  ,"Korea, Republic of ",C-1865-2011,,"Byoung K. Choi, B.K. Choi  "
50,Gill Bikram   ,,,
Kansas State University ; King Abdulaziz University  ,United States ,F-6564-2011,"genetic resources, wheat, pest resistance  ",
51,Yao Jen-Chih   ,,,
"Kaohsiung Medical University ; King Abdulaziz University (KAU), Jeddah, Saudi Arabia  ",Taiwan ,A-9636-2013,,
52,Rodi Wolfgang   ,,,
Karlsruhe Institute of Technology ( KIT) ; King Abdulaziz University (KAU)  ,Germany ,A-6734-2012,,
839,Akan Ozgur   ,,,
Koc University ; King Abdulaziz University (Distinguished Adjunct Professor)  ,Turkey ,C-7150-2013,,
840,AlSaleem Saleem    ,,,
"KSU ; King Abdulaziz City for Science and Technology, KACST  ",Saudi Arabia ,K-3386-2014,,"S. AlSaleem, Alsaleem, S.  "
841,Suzuki Tomonari   ,,,
Kyushu Institute of Technology ; King Abdulaziz University  ,Japan ,C-1625-2014,,
842,Stevic Stevo   ,,,
"Mathematical Institute of the Serbian Academy of Sciences and Arts ; King Abdulaziz University, Jeddah, Saudi Arabia  ",Serbia ,A-8046-2013,"ordinary differential equations, functional-differential and differential-difference equations, dynamic equations on time scales, difference equations, functional equations, sequences, asymptotics, operator theory, special classes of linear operators, spaces and algebras of analytic functions of one and several complex variables, harmonic functions of several variables, iterations in banach spaces  ",
843,Balakrishnan Narayanaswamy   ,,,
"McMaster University ; King Abdulaziz University, Jeddah, Saudi Arabia  ",Canada ,C-9894-2013,"distribution theory, statistical modeling, ordered data analysis, reliability, survival analysis  ",
844,Gomaa Wafaey   ,,,
Minia university ; King Abdulaziz University  ,Egypt ,I-1536-2012,,Wafaey Gomaa  
845,Batten Stuart   ,,,
"Monash University ; King Abdulaziz University, KAU  ",Australia ,A-1061-2008,"coordination polymers, crystal engineering, inorganic chemistry  ",
846,Ko Ker-I    Highly Cited Researcher Icon ,,,
National Chiao Tung University ; King Abdulaziz University  ,Taiwan ,A-8065-2008,"theoretical computer science, computational complexity, computability and complexity in analysis  ","K.-I. Ko, Keri Ko  "
847,Mostafa Essam   ,,,
National Research Center ; King Abdulaziz University  ,Egypt ,I-6896-2012,,"Mostafa E.A.H., Essam Ahmad Hassan Mostafa  "
848,Youssef Prof. Tamer   ,,,
National Research Center ; King Abdulaziz University  ,Egypt ,J-8094-2012,,
849,Gomaa Abu-Bakr   ,,,
"National Research Centre (NRC), Egypt ; King Abdulaziz University (KAU)  ",Egypt ,A-7422-2008,"microbiology, microbial ecology, bioremediation, organic farming, bio-fertilization  ","Gomaa, A.M. , A.M. Gomaa, Abu-Bakr Gomaa, Abu-Bakr M Gomaa  "
850,Xu Hong-Kun   ,,,
"National Sun Yat-sen University ; King Abdulaziz University, Jeddah, Saudi Arabia  ",Taiwan ,B-9897-2009,"nonlinear analysis, optimization, financial mathematics  "
851,Takahashi Wataru   ,,
"National Sun Yat-sen University ; King Abdulaziz University, KAU-Jeddah  ",Taiwan ,B-9174-2013,
852,Nassimi David   ,,
"New Jersey Institute of Technology, NJIT ; King Abdulaziz University, KAU  ",United States ,B-1258-2012,
853,Lako Majlinda   ,,
Newcastle University ; King Abdulaziz University  ,United Kingdom ,B-6297-2013,
854,Armstrong Lyle   ,,
Newcastle University ; King Abdulaziz University  ,United Kingdom ,B-7812-2013,"pluripotent stem cells, cardiac differentiation, adult stem cells, ear, muscle  "
855,Rouskas George   ,,
"North Carolina State University ; King Abdulaziz University, Jeddah, Saudi Arabia  ",United States ,C-3640-2013,
856,webster thomas   ,,
Northeastern University ; King Abdulaziz University  ,United States ,D-1523-2013,"nanotechnology, tissue engineering, orthopedics  "
857,Liu Wing   ,,
"Northwestern Univeristy ; King Abdulaziz University, Jeddah, Saudi Arabia  ",United States ,D-1427-2013,
858,Chen G. Q.   ,,
Peking University (PKU) ; King Abdulaziz University (KAU)  ,China ,B-5407-2012,,Guoqian Chen  
859,Langer Thierry   ,,,
Prestwick Chemical ; King Abdulaziz University  ,France ,B-8164-2013,,
860,HASAN M. Zahid   ,,,
"Princeton University ; King Abdulaziz University, Jeddah, Saudi Arabia  ",United States ,D-8237-2012,,M. Z. Hasan  
861,Deloukas Panos   ,,,
"Queen Mary University of London, QMUL ; King Abdulaziz University, KAU  ",United Kingdom ,B-2922-2013,,
862,Blatov Vladislav   ,,,
"Samara State University ; King Abdulaziz University (KAU), Jeddah, Saudi Arabia  ",Russia ,B-9962-2012,"theoretical crystal chemistry, theoretical materials science, software and databases in crystallography and crystal chemistry  ","Blatov, V.A.  "
863,Kasprzyk Arek   ,,,
"San Raffaele Scientific Institute ; King Abdulaziz University, Jeddah, Saudi Arabia  ",Italy ,D-6525-2014,,
864,Godzik Adam   ,,,
Sanforf-Burnham Institute for Medical Research ; King Abdulaziz University  ,United States ,A-7279-2009,,
865,Liao Shijun   ,,,
"Shanghai Jiao Tong University, Shanghai, China ; King Abdulaziz University (KAU), Jeddah, Saudi Arabia  ",China ,A-8808-2013,"homotopy analysis method, chaos, nonlinear waves, nonlinear dynamics, viscous flows  ","Liao, Shi-Jun, Liao, S.  "
866,Cui Weicheng   ,,,
"Shanghai Ocean University, SHOU (______) ; King Abdulaziz University, Saudi Arabia  ",China ,D-1472-2013,submersible design  ,
867,Grabchev Ivo   ,,,
"Sofia University “St. Kliment Ohridski"" ; King Abdulaziz University  ",Bulgaria ,B-6403-2013,"dyes, 1,8-naphthalimide, dendrimers, fluorescent polymers, sensors, photophysics, photochemistry, smart materials, microbiological, antibacterial  ","Grabchev I., Grabchev Ivo, Grabtchev I, Grabtchev Ivo  "
868,Cao Jinde   ,,,
"Southeast Univeristy ; King Abdulaziz University, Jeddah, Saudi Arabia  ",China ,D-1482-2012,"complex network, neural networks, neurodynamics, stability analysis, nonlinearity  ",
869,Yu Wenwu   ,,,
Southeast University ; King Abdulaziz University  ,China ,G-5496-2012,"complex network, multi-agent systems, neural networks, nonlinear dynamics and control, smart grids  ",
870,Liang Jinling  ,,,
Southeast University of P.R. China ; King Abdulaziz University  ,China ,C-6875-2011,"neural networks, complex networks, nonlinear systems, bioinformatics  ",
871,Cioffi John   Highly Cited Researcher Icon ,,,
Stanford University / King Abdulaziz University ; King Abdulaziz University KAU  ,United States ,A-5965-2012,,
872,Abdelmoneim Tamer   ,,,
"Suez Canal University ; King Abdulaziz University, Faculty of Science (North Jeddah)  ",Egypt ,H-9633-2012,"biological control, plant parasitic nematode, biofertilizers, mycorrhizal fungi, plant growth promoting rhizobacteria  ","Abdelmoneim T.S., Tamer S. Abdel-Moneim  "
873,Bimberg Dieter    Highly Cited Researcher Icon ,,,
"Technische Universitaet Berlin, TU B ; King Abdulaziz University, KAU  ",Germany ,A-5629-2012,,"Bimberg, D.  "
874,Schulte Karl  ,,,
"Technische Universität Hamburg-Harburg (TUHH) ; King Abdulaziz University (KAU), Jeddah, Saudi Arabia  ",Germany ,C-9550-2013,"composites, nanotechnilogy,  ",
875,Schmidbaur Hubert   ,,,
Technische Universität München (TUM) ; King Abdulaziz University (KAU)  ,Germany ,F-7365-2011,"gold chemistry, silicon chemistry, beryllium chemistry  ",
876,Sole Patrick  ,,,
TELECOM ParisTech ; King Abdulaziz University (KAU)  ,France ,G-1412-2011,,"Sole, P.  "
877,Kumar Sudhir   ,,,
"Temple University ; King Abdulaziz University, KAU  ",United States ,F-1411-2011,"molecular evolution, phylomedicine, phylogenetics, bioinformatics, functional genomics  ",
878,Guo Bao-Zhu    ,,,
The Chinese Academy of Sciences ; King Abdulaziz University KAU  ,China ,B-5261-2013,"control theory, systems science.  ",
879,Mak Thomas   ,,,
"The Chinese University of Hong Kong, CUHK ; King Abdulaziz University  ",China ,F-6606-2011,"hydrogen bonded complexes, crystal engineering, silver(i) complexes, argentophilicity, supramolecular assembly, structural inorganic chemistry  ",Thomas Chung Wai Mak  
880,Hall Neil   ,,,
The University of Liverpool ; King Abdulaziz University  ,United Kingdom ,A-8717-2013,,
881,Azzouz Mimoun   ,,,
The University of Sheffield / Sheffield Institute for Translational Neuroscience ; King Abdulaziz University (Adjunct)  ,United Kingdom ,B-3979-2009,,
882,Inoue Akihisa   ,,,
"Tohoku University ; King Abdulaziz University (KAU), Jeddah, Saudi Arabia  ",Japan ,A-3626-2010,"metallic glasses, amorphous alloys, nonequilibrium materials, mechanical properties, quasicrystals, structure  ",
883,Koyama Fumio   ,,,
Tokyo Institute of Technology ; King Abdulaziz University  ,Japan ,K-8039-2012,,
884,Nieto Juan   ,,,
"Universidad de Santiago de Compostela, USC ; King Abdulaziz University  ",Spain ,B-1729-2010,"differential equations, nonlinear analysis, biomedical applications  ",
885,Carracedo Angel   ,,,
"Universidade de Santiago de Compostela, USC ; King Abdulaziz University KAU  ",Spain ,D-4257-2012,"rare diseases, genetics and genomic medicine, genetics and genomics, oncogenetics, pharmacogenetics, pharmacogenomics, forensic genetics  ","Carracedo, A, Carracedo Álvarez, A, Carracedo Alvarez, A, Carracedo Álvarez, Ángel María, Carracedo, Á  "
886,Bisquert Juan   ,,,
Universitat Jaume I ; King Abdulaziz University  ,Spain ,O-2543-2013,"physical chemistry, solar energy, nanomaterial  ",
887,PETRIER Christian   ,,,
"Université de Savoie ; King Abdulaziz University, KAU-Jeddah  ",France ,C-6099-2013,,
888,Vaca-Garcia Carlos   ,,,
"Université de Toulouse - INPT ; King Abdulaziz University, Jeddah, Saudi Arabia  ",France ,G-1453-2012,"biorefineries, microalgae, cellulose derivatives, bioproducts engineering, biobased materials, wood protection  ",
889,Emmelkamp Paul   ,,,
"University of Amsterdam (UvA) ; King Abdulaziz University, KAU  ",Netherlands ,G-3274-2011,"anxiety disorder, obsessive-compulsive disorder, ptsd, personality disorder, substance use disorder, cognitive behavior therapy, intimate partner violence, depression, adhd, virtual reality, forensic psychiatry, online psychological treatment  ","Emmelkamp, Paul M., Emmelkamp, P.M.G., Emmelkamp, P., Emmelkamp, P.M., Emmelkamp, Paul M.G.  "
890,Snyder Shane   ,,,
University of Arizona ; King Abdulaziz University  ,United States ,A-3302-2011,"environmental, bioassay, mass spectroscopy, metabolomics, water, treatment, ozone  ",Shane Snyder  
891,marino giuseppe   ,,,
"University of Calabria, ITALY ; King Abdulaziz University, Jeddah, Saudi Arabia  ",Italy ,A-1841-2014,,
892,Zhang Xiang   ,,,
"University of California - Berkeley ; King Abdulaziz University, Jeddah, Saudi Arabia  ",United States ,F-6905-2011,,X. Zhang  
893,Yang Peidong   ,,,
"University of California, Berkeley ; King Abdulaziz University, Saudi Arabia  ",United States ,E-4431-2011,,
894,Huelsenbeck John   ,,,
"University of California, Berkeley ; King Abdulaziz University  ",United States ,C-6398-2013,,
895,Mukherjee Biswanath   ,,,
"University of California, Davis ; King Abdulaziz University, Jeddah, Saudi Arabia  ",United States ,C-9299-2013,,
896,Ren Wei   ,,,
"University of California, Riverside ; King Abdulaziz University  ",United States ,G-7369-2011,"multi-agent systems, cooperative control, distributed control, networked control systems, autonomous vehicles, control theory, robotics  ",
897,Bojinov Vladimir   ,,,
"University of chemical technology and metallurgy ; King Abdulaziz University, KAU  ",Bulgaria ,A-8810-2013,"synthesis, fluorescence sensors and logic gates, light-harvesting, energy transfer  ","Bojinov, Vladimir B., Bojinov, Vladimir, Bojinov, V. B., Bojinov, Vl.  "
898,Ventura Sebastian   ,,,
University of Cordoba ; King Abdulaziz University  ,Spain ,A-7753-2008,"machine learning, data mining, soft computing, evolutionary computation, genetic programming  ",Sebastian Ventura-Soto  
899,Jones Philip  ,,,
University of East Anglia ; King Abdulaziz University  ,United Kingdom ,C-8718-2009,"climate, climate analysis, climate change, climate change impacts  ","Phil Jones, P D Jones  "
900,Schmuki Patrik   ,,,
"University of Erlangen, FAU ; King Abdulaziz University, KAU  ",Germany ,B-9720-2008,,
901,Baker Neil   ,,,
University of Essex ; King Abdulaziz University  ,United Kingdom ,F-6486-2011,"environmental stress physiology, photosynthesis, isi highly cited  ","Baker Neil, Baker N  "
902,Katritzky Alan   ,,,
"University of Florida (UF), Gainesville ; King Abdulaziz University (KAU)  ",United States ,A-5863-2012,,"Katritzky, AR, Katritzky, Alan Roy  "
903,Christou George    ,,,
"University of Florida (UF), Gainesville ; King Abdulaziz University, Jeddah, Saudi Arabia  ",United States ,A-3072-2014,"synthetic inorganic chemistry, transition metals, clusters, magnetic properties, bioinorganic chemistry, supramolecular chemistry, single-molecule magnets, manganese  ",
904,Akoh Casimir   ,,,
"University of Georgia, UGA ; King Abdulaziz University, KAU, Jeddah, Saudi Arabia  ",United States ,F-6460-2011,"food chemistry, lipids, antioxidants, functional foods, starch, isi highly cited researcher, food chemistry, biochemistry, lipid chemistry, food sciences, antioxidants, functional foods  ","Akoh, C. C.  "
905,Liew Foo Yew   ,,,
"University of Glasgow, United Kingdom ; King Abdulaziz University (KAU)  ",United Kingdom ,D-8918-2012,,
906,Herrera Francisco   ,,,
"University of Granada ; King Abdulaziz University, Jeddah, Saudi Arabia  ",Spain ,C-6856-2008,"soft computing, computational intelligence, fuzzy rule based systems, genetic fuzzy systems, genetic algorithms, data mining, computing with words and decision making  ","F. Herrera, Herrera, Francisco  "
907,Niemi Mikko   ,,,
"University of Helsinki ; King Abdulaziz University, Jeddah, Saudi Arabia  ",Finland ,A-1088-2008,"pharmacogenetics, clinical pharmacology  ",
908,Yu Philip   ,,,
University of Illinois at Chicago ; King Abdulaziz University - KAU (Adjunct Professor)  ,United States ,A-2815-2012,,
909,García Salvador   ,,,
"University of Jaen ; King Abdulaziz University, Jeddah, Saudi Arabia KAU  ",Spain ,N-3624-2013,,
910,zaworotko michael   ,,,
University of Limerick ; King Abdulaziz University KAU  ,Ireland ,A-7448-2009,"crystal engineering, porous materials, pharmaceutical materials  ",
911,Perc Matjaž   ,,,
University of Maribor ; King Abdulaziz University  ,Slovenia ,A-5148-2009,,Matjaz Perc  
912,Decker Eric    ,,,
University of Massachusetts - Amherst ; King Abdulaziz University  ,United States ,O-1666-2013,"lipids, oxidation, antioxidant, food  ",
913,Ashokkumar Muthupandian   ,,,
"University of Melbourne ; King Abdulaziz University, Jeddah, Saudi Arabia  ",Australia ,B-1739-2013,"physical chemistry, sonochemistry, ultrasound technology, food processing, protein microspheres, synthesis of bio and nano materials, photocatalysis, sonophotocatalysis, sonoluminescence  ",Ashok  
914,Zhu Ji   ,,,
University of Michigan - Ann Arbor ; King Abdulaziz University  ,United States ,A-2195-2012,,
915,Zou Hui   ,,,
"University of Minnesota ; King Abdulaziz University, Saudi Arabia  ",United States ,B-7023-2014,,
916,John George   ,,,
"University of Minnesota - Twin Cities ; King Abdulaziz University, KAU  ",United States ,G-1876-2011,"marketing, channels of distribution  ","John, George, John, G  "
917,Budowle Bruce   ,,,
"University of North Texas Health Science Center ; King Abdulaziz University, Jeddah, Saudi Arabia  ",United States ,C-1541-2013,,
918,Judge Timothy   ,,,
"University of Notre Dame ; King Abdulaziz University, Jeddah, Saudi Arabia  ",United States ,C-8250-2013,,
919,Stojmenovic Ivan   ,,,
"University of Ottawa, Canada ; King Abdulaziz University, Jeddah, Saudi Arabia  ",Canada ,C-8360-2013,"algorithms, wireless networks, parallel and distributed systems, discrete geometry  ",
920,Aggelis George   ,,,
University of Patras ; King Abdulaziz University  ,Greece ,E-9403-2011,"single cell oil, polyunsaturated fatty acids, yeasts, fungi, microalgae  ",
921,PAPADIMITRIOU STRATOS   ,,,
"University of Piraeus ; King Abdulaziz University, Jeddah, Saudi Arabia  ",Greece ,C-5256-2013,,
922,Ferreira Antonio  ,,,
University of Porto ; King Abdulaziz University KAU  ,Portugal ,B-4149-2013,,
923,Elliot Andrew   ,,,
University of Rochester ; King Abdulaziz University  ,United States ,D-1546-2013,,"Elliot, A. J.  "
924,Yu Shu-Hong   ,,,
"University of Science and Technology of China ; King Abdulaziz University, Jeddah, Saudi Arabia  ",China ,A-1903-2010,"nanochemistry, materials chemistry, inorganic chemistry, biomaterials  ",
925,Benchohra Mouffak   ,,,
University of Sidi Bel Abbes ; King Abdulaziz University (Distinguished Adjunct Professor)  ,Algeria ,B-5618-2014,differential equations  ,
926,Uversky Vladimir   ,,,
University of South Florida College of Medicine ; King Abdulaziz University  ,United States ,F-4515-2011,,
927,Gale Philip   ,,,
University of Southampton ; King Abdulaziz University  ,United Kingdom ,A-7252-2008,"supramolecular chemistry, anion binding, hydrogen bond, molecular recognition, sensors, separations, membrane transport  ",
928,Hursthouse Michael   ,,,
"University of Southampton ; King Abdulaziz University, Faculty of Science, KAU  ",United Kingdom ,B-9885-2011,"chemical crystallography, organic solid forms, crystal engineering, structural inorganic chemistry, polymorphism, solvates, salts, structure-property relationships, molecular complexes  ",Mike  
929,Jennings Nicholas   ,,,
University of Southampton ; King Abdulaziz University  ,United Kingdom ,F-7358-2011,"artificial intelligence, multi agent systems, complex systems, smart grid, multi-agent systems, intelligent agent, agent based intelligent systems  ","Jennings, Nicholas R, Jennings, Nick R, Jennings, N. R.  "
930,Calder Philip   ,,,
University of Southampton ; King Abdulaziz University  ,United Kingdom ,E-9739-2013,,"Calder, P.C., Calder, P., Calder, Philip C.  "
931,Mobasheri Ali   ,,,
University of Surrey ; King Abdulaziz University  ,United Kingdom ,D-5770-2011,,
932,Olson Eric   ,,,
"University of Texas ; King Abdulaziz University, Jeddah, Saudi Arabia  ",United States ,B-4391-2013,,
933,Jansen Robert   ,,,
"University of Texas at Austin, UT Austin ; King Abdulaziz University, Faculty of Science  ",United States ,F-6272-2011,isi highly cited  ,
934,Bhat Chandra    ,,,
"University of Texas at Austin, UT Austin ; King Abdulaziz University (KAU), Jeddah, Saudi Arabia  ",United States ,B-3952-2013,"econometric models, travel behavior, energy, public health  ","Bhat, C.R., Bhat, C., Bhat, Chandra R., Bhat, Chandrasekhar R.  "
935,Chen Banglin   ,,,
"University of Texas at San Antonio ; King Abdulaziz University, Jeddah, Saudi Arabia  ",United States ,F-5461-2010,"metal-organic frameworks, gas storage and separation, sensing materials and sensors, luminescent materials  ",Bang-Lin Chen  
936,Stephan Douglas   ,,,
University of Toronto (St. George campus) ; King Abdulaziz University (KAU).  ,Canada ,E-4393-2011,,
937,Djilali Ned   ,,,
"University of Victoria ; King Abdulaziz University, KAU  ",Canada ,B-1232-2010,"energy systems; fuel cells; transport phenomena, cfd; fluid mechanics; turbulence; porous media, crystal growth; membrane separation processes, wind energy integration; smart grids  ",Nedjib  
938,Praeger Cheryl   ,,,
University of Western Australia ; King Abdulaziz University (KAU)  ,Australia ,H-1259-2011,"permutation groups, automorphism groups of graphs, computational group theory, algorithms for group computation, combinatorial designs and finite geometries  ","Praeger, C. E.  "
939,Webster John   ,,,
"University of Wisconsin - Madison ; King Abdulaziz University, KAU  ",United States ,F-8778-2011,"medical devices, sensors and instrumentation  ",
940,Kwon Glen   ,,,
"University of Wisconsin - Madison ; King Abdulaziz University, Jeddah, Saudi Arabia  ",United States ,A-1919-2014,,
941,Jäncke Lutz   ,,,
university Zurich ; King Abdulaziz University KAU  ,Switzerland ,D-2910-2013,,"Jancke, Jaencke  "
942,Hashmi A.   ,,,
"Universtiät Heidelberg ; King Abdulaziz University, Jeddah, Saudi Arabia  ",Germany ,B-5188-2013,,
943,Matas Jose   ,,,
"UPC Universitat Politècnica de Catalunya ; King Abdulaziz University, Jeddah, Saudi Arabia KAU  ",Spain ,I-2326-2014,"active filter, microgrid, grid connected inverters, sliding mode control, feedback control, nonlinear adaptive and robust controls  ",
944,Hagfeldt Anders  ,,,
Uppsala University ; King Abdulaziz University KAU  ,Sweden ,B-8123-2014,,
945,Shay Jerry   ,,,
UT Southwestern Medical Center ; King Abdulaziz University  ,United States ,F-7878-2011,,
946,Van Tubergen Frank   ,,,
Utrecht University ; King Abdulaziz University  ,Netherlands ,B-7885-2013,,
947,van Dieën Jaap  ,,,
"VU University Amsterdam ; King Abdulaziz University, Jeddah, Saudi Arabia  ",Netherlands ,B-3937-2013,"biomechanics, human movement, musculoskeletal disorders, ageing  ","vanDieen, Dieen, Dieën, vanDieën, van Dieen  "
948,Ishii Hitoshi   ,,,
"Waseda University ; King Abdulaziz University, KAU (Adjunct Professor)  ",Japan ,A-6156-2012,"partial differential equations , nonlinear functional analysis, optimal control problems, viscosity solutions  ","Ishii, H.  "
949,Weinstock George   ,,,
"Washington University in St Louis ; King Abdulaziz University, Jeddah, Saudi Arabia  ",United States ,C-6314-2013,"genetics, genomics, human genetics, dna sequencing, bioinformatics  ",
950,Yu jiaguo   ,,,
Wuhan University of Technology ; King Abdulaziz University_Jeddah_Saudi Arabia  ,China ,G-4317-2010,"photocatalysis, photocatalysis and catalysis, photocatalysis and heterogeneous catalysis, photocatalysis, water splitting, artificial photosynthesis, photocatalyst, photocatalyst, photocatalyst modification, dye-sensitized solar cell, dye-sensitized solar cells, hollow sphere, hollow and porous nanostructures, adsorption, sorption, adsorption kinetics, adsorption equilibrium, adsorbents  ",
951,Abdalla R   ,,,
York University ; King Abdulaziz University  ,Canada ,A-9053-2008,"gis, diaster management, flood,  ",Rifaat Abdalla  
1,Thomassen Carsten   ,,,
Technical University of Denmark/King Abdulaziz University  ,Denmark ,A-5603-2012,,
1,Wang Xiaodong   ,,,
Columbia University ; King Abdul Aziz University  ,United States ,F-9229-2011,"signal processing, telecommunications, bioinformatics  ",
81,Scuseria Gustavo   ,,,
Rice University ; King Abdul Aziz University  ,United States ,F-6508-2011,quantum chemistry  ,
82,Beall Gary   ,,,
Texas State University-San Marcos ; King Abdul Aziz University  ,United States ,C-8802-2012,,
83,Atluri Satya   ,,,
"University of CA, Irvine ; King Abdul Aziz University, KAU  ",United States ,D-1386-2011,"multidisciplinary engineering, computer science  ",SN Atluri  
84,Somerville Christopher   ,,,
University of California Berkeley ; King Abdul Aziz University (KAU)  ,United States ,A-4048-2009,"arabidopsis, cellulose, lipid, biofuels  ","C Somerville, CR Somerville, Chris Somerville, Chris R Somerville  "
85,Haddon Robert   ,,,
"University of California, Riverside / King Abdulaziz University ; King Abdul Aziz University  ",United States ,A-2528-2008,,
86,Dermitzakis Emmanouil   ,,,
University of Geneva Medical School (CMU) ; King Abdul Aziz University  ,Switzerland ,B-7687-2013,,
87,Kemerer Chris   ,,,
"University of Pittsburgh ; King Abdul Aziz University, KAU  ",United States ,F-7118-2011,"software engineering, software engineering metrics, software economics, technology adoption  ","Kemerer, C.F., Kemerer, C., Kemerer, Chris  "
88,John Sajeev   ,,,
"University of Toronto (St. George campus) ; King Abdul Aziz University, Jeddah, Kingdom of Saudi Arabia  ",Canada ,C-8772-2013,,
89,Zuilhof Han   ,,,
"Wageningen University (WUR) ; King Abdul Aziz University, KAU  ",Netherlands ,C-3892-2012